datetime,no2,pm10,pm25,source
2025-09-24 00:00:00,5.52,2.795,1.16,openaq_ground
2025-09-24 01:00:00,4.84,2.16,0.683,openaq_ground
2025-09-24 02:00:00,3.98,2.145,0.717,openaq_ground
2025-09-24 03:00:00,9.31,5.055,1.98,openaq_ground
2025-09-24 04:00:00,9.19,7.615,3.1950000000000003,openaq_ground
2025-09-24 05:00:00,9.34,8.995000000000001,3.84,openaq_ground
2025-09-24 06:00:00,10.9,7.75,3.76,openaq_ground
2025-09-24 07:00:00,9.69,9.434999999999999,4.71,openaq_ground
2025-09-24 08:00:00,8.27,8.42,4.369999999999999,openaq_ground
2025-09-24 09:00:00,10.9,8.45,4.04,openaq_ground
2025-09-24 10:00:00,10.2,9.57,4.865,openaq_ground
2025-09-24 11:00:00,5.43,9.510000000000002,4.58,openaq_ground
2025-09-24 12:00:00,4.65,9.82,4.545,openaq_ground
2025-09-24 13:00:00,3.27,5.11,2.17,openaq_ground
2025-09-24 14:00:00,2.25,4.55,1.62,openaq_ground
2025-09-24 15:00:00,2.42,6.4,2.65,openaq_ground
2025-09-24 16:00:00,7.54,8.055,3.315,openaq_ground
2025-09-24 17:00:00,23.3,8.16,3.395,openaq_ground
2025-09-24 18:00:00,39.8,8.625,3.565,openaq_ground
2025-09-24 19:00:00,27.9,8.54,3.465,openaq_ground
2025-09-24 20:00:00,29.3,8.495000000000001,3.55,openaq_ground
2025-09-24 21:00:00,16.1,7.720000000000001,3.165,openaq_ground
2025-09-24 22:00:00,11.7,8.32,2.8449999999999998,openaq_ground
2025-09-24 23:00:00,8.52,8.765,3.1,openaq_ground
2025-09-25 00:00:00,7.31,8.81,3.1799999999999997,openaq_ground
2025-09-25 01:00:00,9.32,8.565,3.34,openaq_ground
2025-09-25 02:00:00,9.66,10.600000000000001,3.865,openaq_ground
2025-09-25 03:00:00,11.1,12.45,4.484999999999999,openaq_ground
2025-09-25 04:00:00,12.0,10.6,4.285,openaq_ground
2025-09-25 05:00:00,12.9,10.649999999999999,4.355,openaq_ground
2025-09-25 06:00:00,9.12,16.0,6.154999999999999,openaq_ground
2025-09-25 07:00:00,9.43,15.85,5.885,openaq_ground
2025-09-25 08:00:00,13.1,16.65,6.075,openaq_ground
2025-09-25 09:00:00,8.46,15.65,5.85,openaq_ground
2025-09-25 10:00:00,15.5,16.75,6.165,openaq_ground
2025-09-25 11:00:00,13.4,18.1,7.035,openaq_ground
2025-09-25 12:00:00,11.0,19.75,7.635,openaq_ground
2025-09-25 13:00:00,10.9,19.200000000000003,7.234999999999999,openaq_ground
2025-09-25 14:00:00,5.99,16.5,6.56,openaq_ground
2025-09-25 15:00:00,13.0,17.3,7.005000000000001,openaq_ground
2025-09-25 16:00:00,14.6,15.3,6.1899999999999995,openaq_ground
2025-09-25 17:00:00,21.1,14.35,5.755,openaq_ground
2025-09-25 18:00:00,21.0,13.95,5.33,openaq_ground
2025-09-25 19:00:00,29.6,17.45,5.699999999999999,openaq_ground
2025-09-25 20:00:00,25.5,19.9,5.855,openaq_ground
2025-09-25 21:00:00,8.24,17.85,5.665,openaq_ground
2025-09-25 22:00:00,7.42,16.35,5.465,openaq_ground
2025-09-25 23:00:00,4.92,17.25,5.33,openaq_ground
2025-09-26 00:00:00,4.6,16.35,5.265000000000001,openaq_ground
2025-09-26 01:00:00,6.45,14.95,4.995,openaq_ground
2025-09-26 02:00:00,4.96,17.7,5.255,openaq_ground
2025-09-26 03:00:00,8.61,17.65,5.53,openaq_ground
2025-09-26 04:00:00,8.18,19.55,6.175000000000001,openaq_ground
2025-09-26 05:00:00,5.48,19.4,6.57,openaq_ground
2025-09-26 06:00:00,8.16,15.2,6.220000000000001,openaq_ground
2025-09-26 07:00:00,8.82,13.85,5.9399999999999995,openaq_ground
2025-09-26 08:00:00,13.8,11.05,5.005,openaq_ground
2025-09-26 09:00:00,11.0,10.7,5.119999999999999,openaq_ground
2025-09-26 10:00:00,5.72,11.95,5.295,openaq_ground
2025-09-26 11:00:00,13.3,13.1,6.074999999999999,openaq_ground
2025-09-26 12:00:00,8.6,12.05,5.545,openaq_ground
2025-09-26 13:00:00,7.84,10.355,4.945,openaq_ground
2025-09-26 14:00:00,15.9,9.735,4.635,openaq_ground
2025-09-26 15:00:00,20.7,9.11,4.35,openaq_ground
2025-09-26 16:00:00,23.8,9.16,4.41,openaq_ground
2025-09-26 17:00:00,17.8,9.035,4.82,openaq_ground
2025-09-26 18:00:00,12.9,6.115,3.535,openaq_ground
2025-09-26 19:00:00,10.0,2.34,1.5695000000000001,openaq_ground
2025-09-26 20:00:00,6.45,8.25,3.9699999999999998,openaq_ground
2025-09-26 21:00:00,5.28,17.1,6.355,openaq_ground
2025-09-26 22:00:00,6.73,17.85,6.055,openaq_ground
2025-09-26 23:00:00,17.2,16.85,5.7,openaq_ground
2025-09-27 00:00:00,10.2,15.9,5.525,openaq_ground
2025-09-27 01:00:00,7.83,14.600000000000001,5.2,openaq_ground
2025-09-27 02:00:00,5.26,14.0,5.035,openaq_ground
2025-09-27 03:00:00,5.95,13.9,5.125,openaq_ground
2025-09-27 04:00:00,6.59,14.0,5.165,openaq_ground
2025-09-27 05:00:00,5.96,13.1,5.35,openaq_ground
2025-09-27 06:00:00,9.69,15.5,6.04,openaq_ground
2025-09-27 07:00:00,25.7,18.25,7.455,openaq_ground
2025-09-27 08:00:00,32.7,22.2,11.325,openaq_ground
2025-09-27 09:00:00,30.3,27.5,13.64,openaq_ground
2025-09-27 10:00:00,21.0,22.75,11.0,openaq_ground
2025-09-27 11:00:00,11.8,17.05,8.825,openaq_ground
2025-09-27 12:00:00,10.3,16.1,8.395,openaq_ground
2025-09-27 13:00:00,9.49,14.75,7.885,openaq_ground
2025-09-27 14:00:00,7.59,13.3,6.845000000000001,openaq_ground
2025-09-27 15:00:00,2.77,9.735,4.779999999999999,openaq_ground
2025-09-27 16:00:00,4.06,11.2,5.805,openaq_ground
2025-09-27 17:00:00,5.38,14.2,6.95,openaq_ground
2025-09-27 18:00:00,5.59,20.85,9.415,openaq_ground
2025-09-27 19:00:00,4.59,23.1,10.165,openaq_ground
2025-09-27 20:00:00,4.95,22.55,9.585,openaq_ground
2025-09-27 21:00:00,3.41,17.65,7.65,openaq_ground
2025-09-27 22:00:00,4.54,16.05,7.395,openaq_ground
2025-09-27 23:00:00,4.5,21.2,10.25,openaq_ground
2025-09-28 00:00:00,5.81,26.85,12.75,openaq_ground
2025-09-28 01:00:00,6.67,28.0,13.45,openaq_ground
2025-09-28 02:00:00,7.91,31.75,13.95,openaq_ground
2025-09-28 03:00:00,6.66,32.45,13.95,openaq_ground
2025-09-28 04:00:00,6.08,32.1,14.100000000000001,openaq_ground
2025-09-28 05:00:00,6.58,33.599999999999994,14.75,openaq_ground
2025-09-28 06:00:00,5.5,32.849999999999994,14.8,openaq_ground
2025-09-28 07:00:00,3.49,31.6,14.9,openaq_ground
2025-09-28 08:00:00,3.86,31.5,14.8,openaq_ground
2025-09-28 09:00:00,3.11,31.6,14.45,openaq_ground
2025-09-28 10:00:00,2.06,28.5,13.4,openaq_ground
2025-09-28 11:00:00,1.89,29.6,13.15,openaq_ground
2025-09-28 12:00:00,2.31,28.9,13.1,openaq_ground
2025-09-28 13:00:00,2.93,26.55,12.5,openaq_ground
2025-09-28 14:00:00,2.86,24.9,11.8,openaq_ground
2025-09-28 15:00:00,7.35,23.450000000000003,11.0,openaq_ground
2025-09-28 16:00:00,10.9,23.6,10.649999999999999,openaq_ground
2025-09-28 17:00:00,21.1,21.85,9.845,openaq_ground
2025-09-28 18:00:00,20.3,21.25,8.995000000000001,openaq_ground
2025-09-28 19:00:00,11.1,18.95,7.529999999999999,openaq_ground
2025-09-28 20:00:00,5.38,16.0,5.67,openaq_ground
2025-09-28 21:00:00,5.82,10.34,4.255000000000001,openaq_ground
2025-09-28 22:00:00,7.23,7.405,3.275,openaq_ground
2025-09-28 23:00:00,7.67,13.35,5.29,openaq_ground
2025-09-29 00:00:00,9.37,15.05,6.279999999999999,openaq_ground
2025-09-29 01:00:00,11.6,15.5,6.44,openaq_ground
2025-09-29 02:00:00,12.3,10.649999999999999,4.84,openaq_ground
2025-09-29 03:00:00,17.2,11.75,5.195,openaq_ground
2025-09-29 04:00:00,10.2,15.25,6.49,openaq_ground
2025-09-29 05:00:00,12.9,16.45,8.815000000000001,openaq_ground
2025-09-29 06:00:00,11.3,15.3,6.76,openaq_ground
2025-09-29 07:00:00,9.63,15.6,6.855,openaq_ground
2025-09-29 08:00:00,5.34,18.2,7.3,openaq_ground
2025-09-29 09:00:00,8.61,19.299999999999997,7.1899999999999995,openaq_ground
2025-09-29 10:00:00,5.15,20.9,7.985,openaq_ground
2025-09-29 11:00:00,7.52,18.3,6.734999999999999,openaq_ground
2025-09-29 12:00:00,6.9,17.200000000000003,6.385,openaq_ground
2025-09-29 13:00:00,14.9,15.65,6.01,openaq_ground
2025-09-29 14:00:00,18.8,15.25,5.9399999999999995,openaq_ground
2025-09-29 15:00:00,23.0,15.649999999999999,5.92,openaq_ground
2025-09-29 16:00:00,26.2,15.5,5.745,openaq_ground
2025-09-29 17:00:00,24.0,15.15,5.8149999999999995,openaq_ground
2025-09-29 18:00:00,25.5,15.850000000000001,5.8100000000000005,openaq_ground
2025-09-29 19:00:00,22.4,18.6,6.5649999999999995,openaq_ground
2025-09-29 20:00:00,23.9,21.85,6.975,openaq_ground
2025-09-29 21:00:00,20.7,20.35,6.63,openaq_ground
2025-09-29 22:00:00,10.5,19.05,5.67,openaq_ground
2025-09-29 23:00:00,10.2,12.35,4.32,openaq_ground
2025-09-30 00:00:00,8.99,13.649999999999999,4.625,openaq_ground
2025-09-30 01:00:00,9.63,14.05,4.455,openaq_ground
2025-09-30 02:00:00,11.7,14.55,4.53,openaq_ground
2025-09-30 03:00:00,10.4,12.65,4.33,openaq_ground
2025-09-30 04:00:00,10.4,16.6,4.734999999999999,openaq_ground
2025-09-30 05:00:00,14.2,15.149999999999999,4.96,openaq_ground
2025-09-30 06:00:00,14.5,14.8,5.640000000000001,openaq_ground
2025-09-30 07:00:00,17.6,13.350000000000001,5.475,openaq_ground
2025-09-30 08:00:00,23.6,13.5,5.04,openaq_ground
2025-09-30 09:00:00,18.9,15.0,6.640000000000001,openaq_ground
2025-09-30 10:00:00,15.5,16.5,7.380000000000001,openaq_ground
2025-09-30 11:00:00,7.09,13.149999999999999,5.32,openaq_ground
2025-09-30 12:00:00,11.2,15.25,6.32,openaq_ground
2025-09-30 13:00:00,11.2,13.649999999999999,5.62,openaq_ground
2025-09-30 14:00:00,15.1,14.649999999999999,6.165,openaq_ground
2025-09-30 15:00:00,18.8,14.5,6.505,openaq_ground
2025-09-30 16:00:00,21.6,13.15,4.745,openaq_ground
2025-09-30 17:00:00,41.3,14.3,4.994999999999999,openaq_ground
2025-09-30 18:00:00,20.6,15.0,5.125,openaq_ground
2025-09-30 19:00:00,12.7,14.05,4.855,openaq_ground
2025-09-30 20:00:00,9.43,16.8,5.505,openaq_ground
2025-09-30 21:00:00,7.09,19.45,4.925000000000001,openaq_ground
2025-09-30 22:00:00,7.54,17.15,4.475,openaq_ground
2025-09-30 23:00:00,9.25,14.45,4.484999999999999,openaq_ground
2025-10-01 00:00:00,10.4,14.95,4.9,openaq_ground
2025-10-01 01:00:00,9.32,15.85,4.9399999999999995,openaq_ground
2025-10-01 02:00:00,8.99,18.65,6.0600000000000005,openaq_ground
2025-10-01 03:00:00,12.8,17.35,5.755,openaq_ground
2025-10-01 04:00:00,8.61,16.3,6.035,openaq_ground
2025-10-01 05:00:00,8.74,20.1,6.45,openaq_ground
2025-10-01 06:00:00,4.45,17.049999999999997,6.475,openaq_ground
2025-10-01 07:00:00,3.76,16.15,6.0,openaq_ground
2025-10-01 08:00:00,3.95,16.95,6.15,openaq_ground
2025-10-01 09:00:00,4.15,16.75,6.165,openaq_ground
2025-10-01 10:00:00,2.68,16.4,6.115,openaq_ground
2025-10-01 11:00:00,3.58,14.100000000000001,5.535,openaq_ground
2025-10-01 12:00:00,4.08,12.65,4.664999999999999,openaq_ground
2025-10-01 13:00:00,13.9,9.52,3.855,openaq_ground
2025-10-01 14:00:00,8.09,7.95,3.235,openaq_ground
2025-10-01 15:00:00,5.24,8.43,3.54,openaq_ground
2025-10-01 16:00:00,16.7,10.02,3.74,openaq_ground
2025-10-01 17:00:00,35.0,12.55,4.365,openaq_ground
2025-10-01 18:00:00,17.7,15.899999999999999,5.21,openaq_ground
2025-10-01 19:00:00,7.63,13.8,4.7,openaq_ground
2025-10-01 20:00:00,7.59,12.899999999999999,4.695,openaq_ground
2025-10-01 21:00:00,12.5,14.55,5.119999999999999,openaq_ground
2025-10-01 22:00:00,12.8,14.05,5.025,openaq_ground
2025-10-01 23:00:00,12.1,14.25,5.395,openaq_ground
2025-10-02 00:00:00,9.21,11.8,4.91,openaq_ground
2025-10-02 01:00:00,14.4,8.82,4.15,openaq_ground
2025-10-02 02:00:00,10.2,9.295,4.385,openaq_ground
2025-10-02 03:00:00,9.41,8.245000000000001,4.41,openaq_ground
2025-10-02 04:00:00,5.87,9.48,4.6850000000000005,openaq_ground
2025-10-02 05:00:00,3.91,14.100000000000001,6.105,openaq_ground
2025-10-02 06:00:00,3.04,10.2,4.6850000000000005,openaq_ground
2025-10-02 07:00:00,1.85,10.03,4.73,openaq_ground
2025-10-02 08:00:00,1.38,10.415,4.95,openaq_ground
2025-10-02 09:00:00,1.96,9.82,4.875,openaq_ground
2025-10-02 10:00:00,1.2,8.3,4.01,openaq_ground
2025-10-02 11:00:00,0.997,12.05,5.645,openaq_ground
2025-10-02 12:00:00,0.431,9.379999999999999,4.390000000000001,openaq_ground
2025-10-02 13:00:00,0.899,5.244999999999999,2.485,openaq_ground
2025-10-02 14:00:00,2.39,5.395,2.54,openaq_ground
2025-10-02 15:00:00,4.37,5.735,2.635,openaq_ground
2025-10-02 16:00:00,8.84,5.515000000000001,2.7,openaq_ground
2025-10-02 17:00:00,18.0,5.875,2.94,openaq_ground
2025-10-02 18:00:00,15.8,4.205,2.12,openaq_ground
2025-10-02 19:00:00,10.4,4.109999999999999,2.365,openaq_ground
2025-10-02 20:00:00,8.56,5.85,3.505,openaq_ground
2025-10-02 21:00:00,6.92,5.995,3.66,openaq_ground
2025-10-02 22:00:00,10.1,6.609999999999999,3.6,openaq_ground
2025-10-02 23:00:00,12.0,5.33,2.6799999999999997,openaq_ground
2025-10-03 00:00:00,10.3,4.1,2.6550000000000002,openaq_ground
2025-10-03 01:00:00,9.4,5.109999999999999,2.72,openaq_ground
2025-10-03 02:00:00,14.9,4.574999999999999,2.31,openaq_ground
2025-10-03 03:00:00,16.6,4.605,2.54,openaq_ground
2025-10-03 04:00:00,15.7,5.2,2.535,openaq_ground
2025-10-03 05:00:00,11.1,6.375,3.375,openaq_ground
2025-10-03 06:00:00,4.19,4.859999999999999,2.95,openaq_ground
2025-10-03 07:00:00,4.35,5.205,3.01,openaq_ground
2025-10-03 08:00:00,2.68,5.335,2.815,openaq_ground
2025-10-03 09:00:00,2.59,5.465,2.795,openaq_ground
2025-10-03 10:00:00,1.91,5.245,2.1550000000000002,openaq_ground
2025-10-03 11:00:00,1.85,6.455,2.9000000000000004,openaq_ground
2025-10-03 12:00:00,1.44,9.475,4.41,openaq_ground
2025-10-03 13:00:00,1.29,8.285,3.8,openaq_ground
2025-10-03 14:00:00,0.897,7.9,3.5700000000000003,openaq_ground
2025-10-03 15:00:00,2.43,7.285,3.0250000000000004,openaq_ground
2025-10-03 16:00:00,3.91,8.27,3.5650000000000004,openaq_ground
2025-10-03 17:00:00,7.31,14.45,6.324999999999999,openaq_ground
2025-10-03 18:00:00,5.88,17.75,7.79,openaq_ground
2025-10-03 19:00:00,6.4,13.9,6.215,openaq_ground
2025-10-03 20:00:00,3.48,16.85,6.199999999999999,openaq_ground
2025-10-03 21:00:00,3.82,19.0,6.955,openaq_ground
2025-10-03 22:00:00,5.53,21.3,7.48,openaq_ground
2025-10-03 23:00:00,3.16,15.65,6.175,openaq_ground
2025-10-04 00:00:00,2.73,14.35,5.365,openaq_ground
2025-10-04 01:00:00,2.48,11.75,4.47,openaq_ground
2025-10-04 02:00:00,2.55,14.25,5.09,openaq_ground
2025-10-04 03:00:00,3.72,15.55,5.195,openaq_ground
2025-10-04 04:00:00,3.84,9.485,4.095,openaq_ground
2025-10-04 05:00:00,5.39,10.35,4.42,openaq_ground
2025-10-04 06:00:00,6.72,10.9,4.5649999999999995,openaq_ground
2025-10-04 07:00:00,5.64,9.77,4.255000000000001,openaq_ground
2025-10-04 08:00:00,3.97,8.425,3.5999999999999996,openaq_ground
2025-10-04 09:00:00,4.61,8.025,3.5949999999999998,openaq_ground
2025-10-04 10:00:00,4.33,8.815,4.0,openaq_ground
2025-10-04 11:00:00,4.87,9.51,4.23,openaq_ground
2025-10-04 12:00:00,5.93,8.39,4.015000000000001,openaq_ground
2025-10-04 13:00:00,4.69,8.469999999999999,3.5549999999999997,openaq_ground
2025-10-04 14:00:00,5.26,8.815,3.99,openaq_ground
2025-10-04 15:00:00,6.6,8.629999999999999,3.9050000000000002,openaq_ground
2025-10-04 16:00:00,10.2,10.280000000000001,5.145,openaq_ground
2025-10-04 17:00:00,8.37,9.0,4.75,openaq_ground
2025-10-04 18:00:00,9.82,5.65,2.89,openaq_ground
2025-10-04 19:00:00,5.04,5.99,2.685,openaq_ground
2025-10-04 20:00:00,6.92,11.25,4.220000000000001,openaq_ground
2025-10-04 21:00:00,7.5,14.7,5.455,openaq_ground
2025-10-04 22:00:00,3.95,15.75,5.625,openaq_ground
2025-10-04 23:00:00,4.87,14.65,5.05,openaq_ground
2025-10-05 00:00:00,5.11,12.35,4.455,openaq_ground
2025-10-05 01:00:00,4.43,12.75,4.66,openaq_ground
2025-10-05 02:00:00,4.35,13.0,4.695,openaq_ground
2025-10-05 03:00:00,2.83,14.45,5.484999999999999,openaq_ground
2025-10-05 04:00:00,3.91,20.799999999999997,7.210000000000001,openaq_ground
2025-10-05 05:00:00,5.5,20.2,7.529999999999999,openaq_ground
2025-10-05 06:00:00,3.63,16.0,6.195,openaq_ground
2025-10-05 07:00:00,3.08,13.85,5.57,openaq_ground
2025-10-05 08:00:00,3.77,15.75,5.88,openaq_ground
2025-10-05 09:00:00,4.3,14.45,5.605,openaq_ground
2025-10-05 10:00:00,2.91,13.149999999999999,5.5,openaq_ground
2025-10-05 11:00:00,1.33,11.149999999999999,4.825,openaq_ground
2025-10-05 12:00:00,1.55,11.1,4.775,openaq_ground
2025-10-05 13:00:00,2.22,10.55,4.62,openaq_ground
2025-10-05 14:00:00,2.24,11.9,4.975,openaq_ground
2025-10-05 15:00:00,7.04,11.7,4.97,openaq_ground
2025-10-05 16:00:00,16.8,11.65,4.945,openaq_ground
2025-10-05 17:00:00,29.2,8.27,3.925,openaq_ground
2025-10-05 18:00:00,26.4,6.035,2.815,openaq_ground
2025-10-05 19:00:00,21.5,8.255,3.4299999999999997,openaq_ground
2025-10-05 20:00:00,11.9,8.055,2.98,openaq_ground
2025-10-05 21:00:00,11.2,9.355,3.365,openaq_ground
2025-10-05 22:00:00,9.46,9.274999999999999,3.465,openaq_ground
2025-10-05 23:00:00,8.41,10.45,3.585,openaq_ground
2025-10-06 00:00:00,7.9,19.549999999999997,6.6,openaq_ground
2025-10-06 01:00:00,9.14,21.75,7.475,openaq_ground
2025-10-06 02:00:00,14.2,20.9,7.215,openaq_ground
2025-10-06 03:00:00,12.4,17.4,5.984999999999999,openaq_ground
2025-10-06 04:00:00,6.34,14.0,5.15,openaq_ground
2025-10-06 05:00:00,9.03,16.35,5.795,openaq_ground
2025-10-06 06:00:00,5.06,18.95,6.865,openaq_ground
2025-10-06 07:00:00,3.97,25.299999999999997,9.095,openaq_ground
2025-10-06 08:00:00,4.23,27.8,9.73,openaq_ground
2025-10-06 09:00:00,2.98,26.0,9.225,openaq_ground
2025-10-06 10:00:00,3.16,23.1,8.29,openaq_ground
2025-10-06 11:00:00,1.08,19.95,7.09,openaq_ground
2025-10-06 12:00:00,0.854,21.75,7.785,openaq_ground
2025-10-06 13:00:00,0.404,24.85,9.065000000000001,openaq_ground
2025-10-06 14:00:00,1.42,25.65,9.625,openaq_ground
2025-10-06 15:00:00,3.41,22.65,8.84,openaq_ground
2025-10-06 16:00:00,5.97,15.3,6.529999999999999,openaq_ground
2025-10-06 17:00:00,21.2,7.515000000000001,3.0149999999999997,openaq_ground
2025-10-06 18:00:00,21.4,10.5,4.3,openaq_ground
2025-10-06 19:00:00,17.6,10.64,4.505,openaq_ground
2025-10-06 20:00:00,16.7,14.7,5.875,openaq_ground
2025-10-06 21:00:00,9.73,21.7,8.395,openaq_ground
2025-10-06 22:00:00,7.48,28.1,10.3,openaq_ground
2025-10-06 23:00:00,8.04,22.8,7.855,openaq_ground
2025-10-07 00:00:00,6.56,20.299999999999997,6.859999999999999,openaq_ground
2025-10-07 01:00:00,5.83,27.9,8.13,openaq_ground
2025-10-07 02:00:00,7.1,26.0,8.4,openaq_ground
2025-10-07 03:00:00,8.37,31.700000000000003,9.690000000000001,openaq_ground
2025-10-07 04:00:00,9.9,23.95,7.855,openaq_ground
2025-10-07 05:00:00,5.8,20.35,7.6850000000000005,openaq_ground
2025-10-07 06:00:00,6.35,20.95,7.29,openaq_ground
2025-10-07 07:00:00,10.2,22.8,7.705,openaq_ground
2025-10-07 08:00:00,8.55,23.1,8.165,openaq_ground
2025-10-07 09:00:00,2.72,23.3,8.04,openaq_ground
2025-10-07 10:00:00,8.22,23.25,8.155000000000001,openaq_ground
2025-10-07 11:00:00,20.6,23.299999999999997,8.145,openaq_ground
2025-10-07 12:00:00,10.3,21.65,8.08,openaq_ground
2025-10-07 13:00:00,21.8,23.0,8.530000000000001,openaq_ground
2025-10-07 14:00:00,28.5,22.6,8.84,openaq_ground
2025-10-07 15:00:00,33.5,20.5,7.1899999999999995,openaq_ground
2025-10-07 16:00:00,36.4,19.55,7.215,openaq_ground
2025-10-07 17:00:00,38.9,18.799999999999997,6.805,openaq_ground
2025-10-07 18:00:00,32.8,21.7,7.29,openaq_ground
2025-10-07 19:00:00,18.5,22.05,7.09,openaq_ground
2025-10-07 20:00:00,9.4,19.2,6.33,openaq_ground
2025-10-07 21:00:00,9.29,19.0,6.050000000000001,openaq_ground
2025-10-07 22:00:00,9.23,19.35,5.91,openaq_ground
2025-10-07 23:00:00,11.0,18.15,5.74,openaq_ground
2025-10-08 00:00:00,10.2,18.65,6.0600000000000005,openaq_ground
2025-10-08 01:00:00,11.8,17.950000000000003,5.965,openaq_ground
2025-10-08 02:00:00,12.2,20.5,6.2,openaq_ground
2025-10-08 03:00:00,9.39,22.25,6.99,openaq_ground
2025-10-08 04:00:00,8.59,20.15,6.78,openaq_ground
2025-10-08 05:00:00,20.3,20.299999999999997,6.545,openaq_ground
2025-10-08 06:00:00,20.4,19.7,6.84,openaq_ground
2025-10-08 07:00:00,18.0,20.700000000000003,7.68,openaq_ground
2025-10-08 08:00:00,24.7,19.9,7.8,openaq_ground
2025-10-08 09:00:00,31.4,20.450000000000003,7.945,openaq_ground
2025-10-08 10:00:00,31.1,21.5,9.555,openaq_ground
2025-10-08 11:00:00,26.6,19.95,8.370000000000001,openaq_ground
2025-10-08 12:00:00,18.8,17.05,7.465,openaq_ground
2025-10-08 13:00:00,14.0,17.0,7.255,openaq_ground
2025-10-08 14:00:00,14.9,14.8,6.575,openaq_ground
2025-10-08 15:00:00,19.7,14.7,6.595000000000001,openaq_ground
2025-10-08 16:00:00,20.2,15.350000000000001,6.78,openaq_ground
2025-10-08 17:00:00,28.7,14.85,6.4399999999999995,openaq_ground
2025-10-08 18:00:00,23.6,18.25,6.625,openaq_ground
2025-10-08 19:00:00,16.8,17.5,5.42,openaq_ground
2025-10-08 20:00:00,8.9,18.65,5.32,openaq_ground
2025-10-08 21:00:00,8.74,17.299999999999997,5.3149999999999995,openaq_ground
2025-10-08 22:00:00,11.1,19.049999999999997,5.7,openaq_ground
2025-10-08 23:00:00,9.48,20.25,6.27,openaq_ground
2025-10-09 00:00:00,12.1,17.8,5.6899999999999995,openaq_ground
2025-10-09 01:00:00,16.8,9.77,4.050000000000001,openaq_ground
2025-10-09 02:00:00,18.9,9.39,4.24,openaq_ground
2025-10-09 03:00:00,21.7,10.75,5.13,openaq_ground
2025-10-09 04:00:00,13.6,9.52,4.585,openaq_ground
2025-10-09 05:00:00,10.4,9.115,4.615,openaq_ground
2025-10-09 06:00:00,10.3,11.85,5.545,openaq_ground
2025-10-09 07:00:00,8.57,11.399999999999999,5.33,openaq_ground
2025-10-09 08:00:00,6.21,8.89,4.3149999999999995,openaq_ground
2025-10-09 09:00:00,7.24,8.25,4.005,openaq_ground
2025-10-09 10:00:00,4.52,9.120000000000001,4.085,openaq_ground
2025-10-09 11:00:00,3.52,8.215,3.7750000000000004,openaq_ground
2025-10-09 12:00:00,2.04,9.155000000000001,3.9349999999999996,openaq_ground
2025-10-09 13:00:00,1.56,11.75,4.9399999999999995,openaq_ground
2025-10-09 14:00:00,4.91,14.2,5.725,openaq_ground
2025-10-09 15:00:00,6.38,15.649999999999999,6.33,openaq_ground
2025-10-09 16:00:00,9.83,15.5,6.28,openaq_ground
2025-10-09 17:00:00,23.3,14.25,5.79,openaq_ground
2025-10-09 18:00:00,14.4,15.850000000000001,6.205,openaq_ground
2025-10-09 19:00:00,11.6,15.350000000000001,6.23,openaq_ground
2025-10-09 20:00:00,10.4,13.149999999999999,5.525,openaq_ground
2025-10-09 21:00:00,8.2,13.0,5.32,openaq_ground
2025-10-09 22:00:00,4.16,10.55,4.6,openaq_ground
2025-10-09 23:00:00,4.16,11.2,4.52,openaq_ground
2025-10-10 00:00:00,5.31,13.0,5.285,openaq_ground
2025-10-10 01:00:00,6.64,14.2,5.475,openaq_ground
2025-10-10 02:00:00,8.58,14.5,5.71,openaq_ground
2025-10-10 03:00:00,5.72,14.95,6.234999999999999,openaq_ground
2025-10-10 04:00:00,6.76,15.75,6.425000000000001,openaq_ground
2025-10-10 05:00:00,7.38,14.75,6.470000000000001,openaq_ground
2025-10-10 06:00:00,13.4,16.75,6.95,openaq_ground
2025-10-10 07:00:00,14.6,17.4,7.44,openaq_ground
2025-10-10 08:00:00,10.5,17.450000000000003,7.32,openaq_ground
2025-10-10 09:00:00,9.71,16.0,7.21,openaq_ground
2025-10-10 10:00:00,7.44,16.5,7.300000000000001,openaq_ground
2025-10-10 11:00:00,4.76,15.85,6.985,openaq_ground
2025-10-10 12:00:00,3.2,17.299999999999997,7.1,openaq_ground
2025-10-10 13:00:00,3.25,17.7,7.41,openaq_ground
2025-10-10 14:00:00,3.58,17.55,7.654999999999999,openaq_ground
2025-10-10 15:00:00,3.21,17.2,7.465,openaq_ground
2025-10-10 16:00:00,4.98,17.9,7.545,openaq_ground
2025-10-10 17:00:00,6.63,19.25,7.535,openaq_ground
2025-10-10 18:00:00,5.85,19.75,7.4350000000000005,openaq_ground
2025-10-10 19:00:00,6.83,22.299999999999997,7.9,openaq_ground
2025-10-10 20:00:00,5.66,22.9,8.239999999999998,openaq_ground
2025-10-10 21:00:00,5.33,21.4,7.925,openaq_ground
2025-10-10 22:00:00,5.77,19.75,7.3,openaq_ground
2025-10-10 23:00:00,4.29,19.75,7.05,openaq_ground
2025-10-11 00:00:00,5.37,19.799999999999997,7.11,openaq_ground
2025-10-11 01:00:00,5.54,20.799999999999997,7.605,openaq_ground
2025-10-11 02:00:00,4.11,20.3,7.375,openaq_ground
2025-10-11 03:00:00,4.61,20.0,7.215,openaq_ground
2025-10-11 04:00:00,5.0,18.6,7.029999999999999,openaq_ground
2025-10-11 05:00:00,4.37,19.85,7.630000000000001,openaq_ground
2025-10-11 06:00:00,3.82,19.55,7.6,openaq_ground
2025-10-11 07:00:00,5.22,20.9,7.67,openaq_ground
2025-10-11 08:00:00,3.84,21.95,8.665,openaq_ground
2025-10-11 09:00:00,5.19,19.85,7.72,openaq_ground
2025-10-11 10:00:00,2.61,19.450000000000003,7.245,openaq_ground
2025-10-11 11:00:00,2.91,20.85,7.3,openaq_ground
2025-10-11 12:00:00,2.05,19.4,6.99,openaq_ground
2025-10-11 13:00:00,1.18,16.15,6.005,openaq_ground
2025-10-11 14:00:00,1.15,14.5,5.355,openaq_ground
2025-10-11 15:00:00,1.19,13.45,5.225,openaq_ground
2025-10-11 16:00:00,2.78,14.95,5.675000000000001,openaq_ground
2025-10-11 17:00:00,5.31,14.8,5.8100000000000005,openaq_ground
2025-10-11 18:00:00,5.03,15.3,5.535,openaq_ground
2025-10-11 19:00:00,4.51,17.1,5.875,openaq_ground
2025-10-11 20:00:00,3.81,18.35,6.535,openaq_ground
2025-10-11 21:00:00,2.74,16.5,5.904999999999999,openaq_ground
2025-10-11 22:00:00,4.22,17.0,5.91,openaq_ground
2025-10-11 23:00:00,2.4,17.2,6.34,openaq_ground
2025-10-12 00:00:00,2.43,15.1,5.93,openaq_ground
2025-10-12 01:00:00,2.61,16.35,6.365,openaq_ground
2025-10-12 02:00:00,3.22,18.049999999999997,6.59,openaq_ground
2025-10-12 03:00:00,2.13,18.200000000000003,6.96,openaq_ground
2025-10-12 04:00:00,2.76,18.2,6.83,openaq_ground
2025-10-12 05:00:00,2.64,19.55,7.3100000000000005,openaq_ground
2025-10-12 06:00:00,1.91,18.45,7.065,openaq_ground
2025-10-12 07:00:00,1.34,17.75,6.855,openaq_ground
2025-10-12 08:00:00,1.02,16.950000000000003,6.75,openaq_ground
2025-10-12 09:00:00,0.955,18.0,6.99,openaq_ground
2025-10-12 10:00:00,0.771,17.45,6.85,openaq_ground
2025-10-12 11:00:00,2.28,16.95,6.79,openaq_ground
2025-10-12 12:00:00,2.23,11.95,5.225,openaq_ground
2025-10-12 13:00:00,1.64,14.7,6.23,openaq_ground
2025-10-12 14:00:00,2.14,14.8,6.3100000000000005,openaq_ground
2025-10-12 15:00:00,3.6,10.95,4.970000000000001,openaq_ground
2025-10-12 16:00:00,11.2,11.45,5.2,openaq_ground
2025-10-12 17:00:00,11.7,15.2,6.305,openaq_ground
2025-10-12 18:00:00,16.9,17.15,6.865,openaq_ground
2025-10-12 19:00:00,6.28,14.95,5.955,openaq_ground
2025-10-12 20:00:00,7.92,12.4,5.075,openaq_ground
2025-10-12 21:00:00,6.02,9.280000000000001,3.7350000000000003,openaq_ground
2025-10-12 22:00:00,5.83,9.115,3.91,openaq_ground
2025-10-12 23:00:00,5.3,9.015,3.895,openaq_ground
2025-10-13 00:00:00,5.29,9.440000000000001,4.225,openaq_ground
2025-10-13 01:00:00,5.06,12.75,5.484999999999999,openaq_ground
2025-10-13 02:00:00,4.89,11.5,5.24,openaq_ground
2025-10-13 03:00:00,5.22,9.545,4.505,openaq_ground
2025-10-13 04:00:00,2.75,9.895,4.52,openaq_ground
2025-10-13 05:00:00,2.13,10.850000000000001,5.04,openaq_ground
2025-10-13 06:00:00,1.77,12.7,5.49,openaq_ground
2025-10-13 07:00:00,2.02,11.65,5.05,openaq_ground
2025-10-13 08:00:00,2.65,11.2,4.915,openaq_ground
2025-10-13 09:00:00,2.56,6.275,2.62,openaq_ground
2025-10-13 10:00:00,2.67,5.1,2.16,openaq_ground
2025-10-13 11:00:00,0.566,9.455,4.0200000000000005,openaq_ground
2025-10-13 12:00:00,0.209,8.864999999999998,3.91,openaq_ground
2025-10-13 13:00:00,0.565,8.75,3.88,openaq_ground
2025-10-13 14:00:00,1.06,7.15,3.35,openaq_ground
2025-10-13 15:00:00,2.25,5.82,2.7249999999999996,openaq_ground
2025-10-13 16:00:00,3.97,5.359999999999999,2.505,openaq_ground
2025-10-13 17:00:00,11.7,5.9399999999999995,2.59,openaq_ground
2025-10-13 18:00:00,17.0,5.995,2.795,openaq_ground
2025-10-13 19:00:00,12.8,5.095,2.52,openaq_ground
2025-10-13 20:00:00,12.6,4.04,1.775,openaq_ground
2025-10-13 21:00:00,14.0,2.9699999999999998,1.4049999999999998,openaq_ground
2025-10-13 22:00:00,12.0,2.38,1.0285,openaq_ground
2025-10-13 23:00:00,32.4,5.08,2.45,openaq_ground
2025-10-14 00:00:00,12.4,5.515000000000001,2.505,openaq_ground
2025-10-14 01:00:00,9.78,8.01,3.54,openaq_ground
2025-10-14 02:00:00,13.0,10.15,4.455,openaq_ground
2025-10-14 03:00:00,9.85,19.0,7.555,openaq_ground
2025-10-14 04:00:00,6.13,16.75,6.66,openaq_ground
2025-10-14 05:00:00,7.03,14.3,5.6899999999999995,openaq_ground
2025-10-14 06:00:00,6.16,17.4,6.74,openaq_ground
2025-10-14 07:00:00,5.46,22.4,7.859999999999999,openaq_ground
2025-10-14 08:00:00,5.5,22.3,8.1,openaq_ground
2025-10-14 09:00:00,4.3,17.45,6.52,openaq_ground
2025-10-14 10:00:00,3.51,14.8,5.645,openaq_ground
2025-10-14 11:00:00,4.65,16.2,5.935,openaq_ground
2025-10-14 12:00:00,5.24,13.600000000000001,4.885,openaq_ground
2025-10-14 13:00:00,2.23,13.1,4.865,openaq_ground
2025-10-14 14:00:00,5.18,16.75,5.835,openaq_ground
2025-10-14 15:00:00,18.9,17.7,6.140000000000001,openaq_ground
2025-10-14 16:00:00,39.0,17.85,6.18,openaq_ground
2025-10-14 17:00:00,52.0,18.35,6.335,openaq_ground
2025-10-14 18:00:00,29.0,17.45,5.545,openaq_ground
2025-10-14 19:00:00,16.5,16.35,5.300000000000001,openaq_ground
2025-10-14 20:00:00,12.4,11.8,4.08,openaq_ground
2025-10-14 21:00:00,9.53,11.65,4.035,openaq_ground
2025-10-14 22:00:00,8.76,9.780000000000001,3.46,openaq_ground
2025-10-14 23:00:00,9.33,10.559999999999999,3.5949999999999998,openaq_ground
2025-10-15 00:00:00,9.79,15.75,4.359999999999999,openaq_ground
2025-10-15 01:00:00,8.02,14.0,3.95,openaq_ground
2025-10-15 02:00:00,9.46,12.5,3.95,openaq_ground
2025-10-15 03:00:00,9.06,13.0,3.8899999999999997,openaq_ground
2025-10-15 04:00:00,7.47,18.35,4.785,openaq_ground
2025-10-15 05:00:00,14.3,18.4,4.915,openaq_ground
2025-10-15 06:00:00,19.7,11.115,3.94,openaq_ground
2025-10-15 07:00:00,9.09,10.114999999999998,3.835,openaq_ground
2025-10-15 08:00:00,6.5,10.18,4.04,openaq_ground
2025-10-15 09:00:00,16.1,10.675,4.43,openaq_ground
2025-10-15 10:00:00,8.75,10.255,4.1850000000000005,openaq_ground
2025-10-15 11:00:00,11.0,10.555,4.17,openaq_ground
2025-10-15 12:00:00,19.0,10.71,4.735,openaq_ground
2025-10-15 13:00:00,9.4,11.39,4.695,openaq_ground
2025-10-15 14:00:00,6.02,10.42,3.96,openaq_ground
2025-10-15 15:00:00,9.73,10.75,4.165,openaq_ground
2025-10-15 16:00:00,39.9,10.75,4.325,openaq_ground
2025-10-15 17:00:00,28.0,11.6,4.3100000000000005,openaq_ground
2025-10-15 18:00:00,14.9,12.5,4.57,openaq_ground
2025-10-15 19:00:00,14.7,12.850000000000001,4.645,openaq_ground
2025-10-15 20:00:00,9.99,16.1,5.4,openaq_ground
2025-10-15 21:00:00,9.16,15.350000000000001,5.025,openaq_ground
2025-10-15 22:00:00,7.48,16.65,5.4399999999999995,openaq_ground
2025-10-15 23:00:00,8.83,15.75,5.25,openaq_ground
2025-10-16 00:00:00,10.1,15.149999999999999,5.34,openaq_ground
2025-10-16 01:00:00,9.73,18.2,6.045,openaq_ground
2025-10-16 02:00:00,10.6,18.0,5.655,openaq_ground
2025-10-16 03:00:00,11.0,22.0,7.13,openaq_ground
2025-10-16 04:00:00,8.96,23.5,7.485,openaq_ground
2025-10-16 05:00:00,7.6,23.95,7.265000000000001,openaq_ground
2025-10-16 06:00:00,5.58,20.85,6.77,openaq_ground
2025-10-16 07:00:00,6.12,20.1,6.715,openaq_ground
2025-10-16 08:00:00,4.22,20.85,7.28,openaq_ground
2025-10-16 09:00:00,7.73,20.95,7.109999999999999,openaq_ground
2025-10-16 10:00:00,4.44,20.25,7.105,openaq_ground
2025-10-16 11:00:00,3.79,20.15,7.455,openaq_ground
2025-10-16 12:00:00,9.47,17.5,6.75,openaq_ground
2025-10-16 13:00:00,8.93,15.850000000000001,6.3100000000000005,openaq_ground
2025-10-16 14:00:00,10.9,14.399999999999999,5.93,openaq_ground
2025-10-16 15:00:00,19.7,13.2,5.265000000000001,openaq_ground
2025-10-16 16:00:00,28.3,10.65,4.460000000000001,openaq_ground
2025-10-16 17:00:00,23.0,12.9,4.925,openaq_ground
2025-10-16 18:00:00,17.5,12.35,4.465,openaq_ground
2025-10-16 19:00:00,9.88,19.5,5.575,openaq_ground
2025-10-16 20:00:00,8.83,15.75,5.505,openaq_ground
2025-10-16 21:00:00,6.46,14.649999999999999,5.0649999999999995,openaq_ground
2025-10-16 22:00:00,5.08,11.7,4.300000000000001,openaq_ground
2025-10-16 23:00:00,6.63,13.2,4.5649999999999995,openaq_ground
2025-10-17 00:00:00,9.02,14.350000000000001,4.949999999999999,openaq_ground
2025-10-17 01:00:00,10.4,17.9,5.335,openaq_ground
2025-10-17 02:00:00,13.1,21.3,6.895,openaq_ground
2025-10-17 03:00:00,12.5,30.4,10.65,openaq_ground
2025-10-17 04:00:00,12.1,35.45,12.350000000000001,openaq_ground
2025-10-17 05:00:00,9.76,35.8,13.3,openaq_ground
2025-10-17 06:00:00,11.2,36.05,12.850000000000001,openaq_ground
2025-10-17 07:00:00,8.58,32.55,12.5,openaq_ground
2025-10-17 08:00:00,11.2,32.05,13.3,openaq_ground
2025-10-17 09:00:00,14.2,29.45,12.25,openaq_ground
2025-10-17 10:00:00,17.2,26.7,11.35,openaq_ground
2025-10-17 11:00:00,13.5,24.5,10.35,openaq_ground
2025-10-17 12:00:00,6.8,24.5,10.14,openaq_ground
2025-10-17 13:00:00,9.48,22.549999999999997,9.45,openaq_ground
2025-10-17 14:00:00,11.1,19.55,8.54,openaq_ground
2025-10-17 15:00:00,13.7,18.2,8.025,openaq_ground
2025-10-17 16:00:00,17.1,17.5,7.875,openaq_ground
2025-10-17 17:00:00,17.4,20.950000000000003,8.585,openaq_ground
2025-10-17 18:00:00,14.2,25.1,10.25,openaq_ground
2025-10-17 19:00:00,11.3,25.4,9.055,openaq_ground
2025-10-17 20:00:00,10.5,30.25,9.835,openaq_ground
2025-10-17 21:00:00,5.13,28.450000000000003,9.05,openaq_ground
2025-10-17 22:00:00,6.8,26.950000000000003,8.7,openaq_ground
2025-10-17 23:00:00,5.71,24.5,8.085,openaq_ground
2025-10-18 00:00:00,3.62,22.4,7.5649999999999995,openaq_ground
2025-10-18 01:00:00,4.73,20.5,7.449999999999999,openaq_ground
2025-10-18 02:00:00,5.12,20.5,7.58,openaq_ground
2025-10-18 03:00:00,6.4,22.05,7.8100000000000005,openaq_ground
2025-10-18 04:00:00,6.33,23.1,8.1,openaq_ground
2025-10-18 05:00:00,10.4,23.75,8.35,openaq_ground
2025-10-18 06:00:00,10.9,22.0,8.335,openaq_ground
2025-10-18 07:00:00,10.7,23.0,8.875,openaq_ground
2025-10-18 08:00:00,11.4,24.1,9.46,openaq_ground
2025-10-18 09:00:00,14.5,24.45,9.14,openaq_ground
2025-10-18 10:00:00,13.5,24.25,8.86,openaq_ground
2025-10-18 11:00:00,7.32,23.6,9.045,openaq_ground
2025-10-18 12:00:00,4.32,23.6,10.56,openaq_ground
2025-10-18 13:00:00,8.29,21.2,8.280000000000001,openaq_ground
2025-10-18 14:00:00,7.84,20.200000000000003,8.14,openaq_ground
2025-10-18 15:00:00,6.65,18.6,7.98,openaq_ground
2025-10-18 16:00:00,7.22,18.15,7.470000000000001,openaq_ground
2025-10-18 17:00:00,7.02,18.75,7.415,openaq_ground
2025-10-18 18:00:00,5.68,17.65,6.525,openaq_ground
2025-10-18 19:00:00,3.08,15.9,5.745,openaq_ground
2025-10-18 20:00:00,3.07,15.100000000000001,5.245,openaq_ground
2025-10-18 21:00:00,2.82,11.55,4.04,openaq_ground
2025-10-18 22:00:00,3.06,12.0,3.925,openaq_ground
2025-10-18 23:00:00,3.86,12.2,3.825,openaq_ground
2025-10-19 00:00:00,4.42,12.850000000000001,3.865,openaq_ground
2025-10-19 01:00:00,3.58,10.055,3.485,openaq_ground
2025-10-19 02:00:00,2.94,9.94,3.27,openaq_ground
2025-10-19 03:00:00,3.08,9.370000000000001,3.58,openaq_ground
2025-10-19 04:00:00,4.33,9.629999999999999,3.925,openaq_ground
2025-10-19 05:00:00,3.05,11.05,4.22,openaq_ground
2025-10-19 06:00:00,2.7,10.2,4.355,openaq_ground
2025-10-19 07:00:00,2.16,7.36,3.395,openaq_ground
2025-10-19 08:00:00,1.97,5.07,2.485,openaq_ground
2025-10-19 09:00:00,4.12,3.3899999999999997,1.565,openaq_ground
2025-10-19 10:00:00,3.95,4.59,2.08,openaq_ground
2025-10-19 11:00:00,3.23,5.46,2.51,openaq_ground
2025-10-19 12:00:00,3.28,8.055,3.4450000000000003,openaq_ground
2025-10-19 13:00:00,4.62,10.07,4.185,openaq_ground
2025-10-19 14:00:00,13.0,10.45,4.25,openaq_ground
2025-10-19 15:00:00,8.86,11.0,4.345000000000001,openaq_ground
2025-10-19 16:00:00,21.1,10.35,4.355,openaq_ground
2025-10-19 17:00:00,30.3,13.65,4.995,openaq_ground
2025-10-19 18:00:00,24.9,20.6,6.8100000000000005,openaq_ground
2025-10-19 19:00:00,13.1,18.7,6.1850000000000005,openaq_ground
2025-10-19 20:00:00,11.1,12.35,4.62,openaq_ground
2025-10-19 21:00:00,7.11,9.16,3.62,openaq_ground
2025-10-19 22:00:00,7.52,9.615,3.385,openaq_ground
2025-10-19 23:00:00,6.77,10.095,3.0999999999999996,openaq_ground
2025-10-20 00:00:00,6.38,9.524999999999999,2.855,openaq_ground
2025-10-20 01:00:00,8.7,8.83,2.98,openaq_ground
2025-10-20 02:00:00,5.8,9.68,3.015,openaq_ground
2025-10-20 03:00:00,6.09,9.73,3.115,openaq_ground
2025-10-20 04:00:00,5.38,10.33,3.265,openaq_ground
2025-10-20 05:00:00,6.97,9.29,3.475,openaq_ground
2025-10-20 06:00:00,6.09,10.09,4.01,openaq_ground
2025-10-20 07:00:00,7.89,10.45,4.29,openaq_ground
2025-10-20 08:00:00,7.23,12.7,5.109999999999999,openaq_ground
2025-10-20 09:00:00,2.89,13.7,5.015,openaq_ground
2025-10-20 10:00:00,3.73,12.149999999999999,4.675000000000001,openaq_ground
2025-10-20 11:00:00,3.72,11.25,4.449999999999999,openaq_ground
2025-10-20 12:00:00,2.19,10.85,4.42,openaq_ground
2025-10-20 13:00:00,1.12,10.559999999999999,4.3,openaq_ground
2025-10-20 14:00:00,2.83,9.77,4.12,openaq_ground
2025-10-20 15:00:00,4.29,10.2,4.105,openaq_ground
2025-10-20 16:00:00,6.03,10.649999999999999,4.18,openaq_ground
2025-10-20 17:00:00,15.2,12.0,4.545,openaq_ground
2025-10-20 18:00:00,7.48,14.8,4.8149999999999995,openaq_ground
2025-10-20 19:00:00,7.09,10.715,4.119999999999999,openaq_ground
2025-10-20 20:00:00,7.7,8.465,3.6399999999999997,openaq_ground
2025-10-20 21:00:00,3.4,10.95,4.275,openaq_ground
2025-10-20 22:00:00,4.57,15.100000000000001,5.414999999999999,openaq_ground
2025-10-20 23:00:00,5.08,16.700000000000003,5.98,openaq_ground
2025-10-21 00:00:00,6.36,17.35,6.16,openaq_ground
2025-10-21 01:00:00,8.2,17.65,6.0600000000000005,openaq_ground
2025-10-21 02:00:00,7.93,16.9,6.01,openaq_ground
2025-10-21 03:00:00,5.07,17.75,6.53,openaq_ground
2025-10-21 04:00:00,3.27,18.65,7.04,openaq_ground
2025-10-21 05:00:00,2.9,19.65,7.5649999999999995,openaq_ground
2025-10-21 06:00:00,2.16,18.200000000000003,7.26,openaq_ground
2025-10-21 07:00:00,1.49,19.0,7.58,openaq_ground
2025-10-21 08:00:00,1.04,20.5,7.9350000000000005,openaq_ground
2025-10-21 09:00:00,1.02,20.200000000000003,7.725,openaq_ground
2025-10-21 10:00:00,0.478,20.0,7.779999999999999,openaq_ground
2025-10-21 11:00:00,1.24,7.855,3.24,openaq_ground
2025-10-21 12:00:00,3.07,1.8050000000000002,0.387,openaq_ground
2025-10-21 13:00:00,1.67,3.73,1.63,openaq_ground
2025-10-21 14:00:00,2.61,9.1,3.965,openaq_ground
2025-10-21 15:00:00,13.0,11.0,4.885,openaq_ground
2025-10-21 16:00:00,27.7,9.370000000000001,4.045,openaq_ground
2025-10-21 17:00:00,25.5,14.549999999999999,5.835,openaq_ground
2025-10-21 18:00:00,14.2,26.5,9.705,openaq_ground
2025-10-21 19:00:00,10.9,29.2,10.65,openaq_ground
2025-10-21 20:00:00,10.7,27.35,10.04,openaq_ground
2025-10-21 21:00:00,10.0,27.0,10.385,openaq_ground
2025-10-21 22:00:00,8.61,25.6,9.815000000000001,openaq_ground
2025-10-21 23:00:00,11.1,23.6,9.41,openaq_ground
2025-10-22 00:00:00,11.5,21.8,8.524999999999999,openaq_ground
2025-10-22 01:00:00,10.2,19.799999999999997,7.575,openaq_ground
2025-10-22 02:00:00,9.75,19.0,7.3100000000000005,openaq_ground
2025-10-22 03:00:00,10.5,22.549999999999997,8.605,openaq_ground
2025-10-22 04:00:00,8.02,15.05,6.28,openaq_ground
2025-10-22 05:00:00,9.73,12.65,4.99,openaq_ground
2025-10-22 06:00:00,8.05,12.5,4.695,openaq_ground
2025-10-22 07:00:00,8.36,13.2,5.345,openaq_ground
2025-10-22 08:00:00,4.87,12.95,5.275,openaq_ground
2025-10-22 09:00:00,4.66,10.06,4.46,openaq_ground
2025-10-22 10:00:00,4.49,8.075,3.7249999999999996,openaq_ground
2025-10-22 11:00:00,2.95,5.78,2.765,openaq_ground
2025-10-22 12:00:00,3.48,4.02,2.245,openaq_ground
2025-10-22 13:00:00,0.746,4.53,2.395,openaq_ground
2025-10-22 14:00:00,0.822,13.3,5.86,openaq_ground
2025-10-22 15:00:00,1.15,14.05,5.905,openaq_ground
2025-10-22 16:00:00,4.73,13.75,5.895,openaq_ground
2025-10-22 17:00:00,8.5,13.25,5.415,openaq_ground
2025-10-22 18:00:00,8.47,12.9,5.025,openaq_ground
2025-10-22 19:00:00,7.26,10.25,4.04,openaq_ground
2025-10-22 20:00:00,6.47,5.369999999999999,2.295,openaq_ground
2025-10-22 21:00:00,5.26,3.315,1.4049999999999998,openaq_ground
2025-10-22 22:00:00,3.93,9.594999999999999,3.45,openaq_ground
2025-10-22 23:00:00,3.01,13.399999999999999,4.71,openaq_ground
2025-10-23 00:00:00,2.97,16.8,6.135,openaq_ground
2025-10-23 01:00:00,4.13,17.55,6.9399999999999995,openaq_ground
2025-10-23 02:00:00,3.59,18.55,7.47,openaq_ground
2025-10-23 03:00:00,4.75,15.0,6.54,openaq_ground
2025-10-23 04:00:00,3.76,9.715,4.73,openaq_ground
2025-10-23 05:00:00,3.38,4.075,2.19,openaq_ground
2025-10-23 06:00:00,2.58,3.315,1.325,openaq_ground
2025-10-23 07:00:00,1.31,3.875,1.6600000000000001,openaq_ground
2025-10-23 08:00:00,1.51,4.265000000000001,1.385,openaq_ground
2025-10-23 09:00:00,1.61,5.045,2.8,openaq_ground
2025-10-23 10:00:00,1.82,5.8100000000000005,2.52,openaq_ground
2025-10-23 11:00:00,1.87,6.265000000000001,2.755,openaq_ground
2025-10-23 12:00:00,1.17,9.625,3.6849999999999996,openaq_ground
2025-10-23 13:00:00,2.28,10.61,4.285,openaq_ground
2025-10-23 14:00:00,7.17,14.55,5.800000000000001,openaq_ground
2025-10-23 15:00:00,9.8,19.299999999999997,7.215,openaq_ground
2025-10-23 16:00:00,12.9,24.549999999999997,8.85,openaq_ground
2025-10-23 17:00:00,21.4,25.25,9.23,openaq_ground
2025-10-23 18:00:00,15.1,28.549999999999997,8.965,openaq_ground
2025-10-23 19:00:00,14.9,27.1,8.69,openaq_ground
2025-10-23 20:00:00,9.26,25.65,8.504999999999999,openaq_ground
2025-10-23 21:00:00,9.18,27.85,9.11,openaq_ground
2025-10-23 22:00:00,11.5,26.4,8.935,openaq_ground
2025-10-23 23:00:00,12.6,25.35,8.365,openaq_ground
2025-10-24 00:00:00,6.68,26.450000000000003,8.3,openaq_ground
2025-10-24 01:00:00,,25.3,8.040000000000001,openaq_ground
2025-10-24 02:00:00,,26.55,8.059999999999999,openaq_ground
2025-10-24 03:00:00,,25.25,7.970000000000001,openaq_ground
2025-10-24 04:00:00,,23.85,7.734999999999999,openaq_ground
2025-10-24 05:00:00,,23.65,7.76,openaq_ground
2025-10-24 06:00:00,,24.4,8.165,openaq_ground
2025-10-24 07:00:00,,24.2,8.71,openaq_ground
2025-10-24 08:00:00,,23.1,8.86,openaq_ground
2025-10-24 09:00:00,,19.9,8.149999999999999,openaq_ground
2025-10-24 10:00:00,,19.15,7.515000000000001,openaq_ground
2025-10-24 11:00:00,,19.75,9.09,openaq_ground
2025-10-24 12:00:00,,18.799999999999997,8.434999999999999,openaq_ground
2025-10-24 13:00:00,15.0,18.35,8.45,openaq_ground
2025-10-24 14:00:00,14.7,16.4,7.515000000000001,openaq_ground
2025-10-24 15:00:00,14.8,14.85,6.720000000000001,openaq_ground
2025-10-24 16:00:00,15.2,15.0,6.54,openaq_ground
2025-10-24 17:00:00,14.2,14.850000000000001,6.5649999999999995,openaq_ground
2025-10-24 18:00:00,10.9,18.35,6.79,openaq_ground
2025-10-24 19:00:00,10.4,22.6,6.98,openaq_ground
2025-10-24 20:00:00,9.32,16.85,5.965,openaq_ground
2025-10-24 21:00:00,9.11,14.7,4.904999999999999,openaq_ground
2025-10-24 22:00:00,6.58,15.0,4.75,openaq_ground
2025-10-24 23:00:00,5.23,14.25,4.45,openaq_ground
2025-10-25 00:00:00,4.44,13.649999999999999,4.385,openaq_ground
2025-10-25 01:00:00,5.23,14.5,4.615,openaq_ground
2025-10-25 02:00:00,4.22,16.1,5.175,openaq_ground
2025-10-25 03:00:00,3.62,15.600000000000001,5.35,openaq_ground
2025-10-25 04:00:00,4.74,14.399999999999999,5.205,openaq_ground
2025-10-25 05:00:00,5.13,14.850000000000001,5.7,openaq_ground
2025-10-25 06:00:00,6.61,16.0,6.005,openaq_ground
2025-10-25 07:00:00,4.1,13.55,5.35,openaq_ground
2025-10-25 08:00:00,2.14,11.7,4.795,openaq_ground
2025-10-25 09:00:00,3.02,13.1,4.93,openaq_ground
2025-10-25 10:00:00,4.26,14.5,4.82,openaq_ground
2025-10-25 11:00:00,2.61,12.3,4.555,openaq_ground
2025-10-25 12:00:00,1.88,10.149999999999999,4.23,openaq_ground
2025-10-25 13:00:00,3.59,11.35,4.41,openaq_ground
2025-10-25 14:00:00,1.52,13.0,4.57,openaq_ground
2025-10-25 15:00:00,1.18,11.05,4.220000000000001,openaq_ground
2025-10-25 16:00:00,5.15,10.4,3.97,openaq_ground
2025-10-25 17:00:00,6.0,11.4,4.085,openaq_ground
2025-10-25 18:00:00,6.59,13.25,4.65,openaq_ground
2025-10-25 19:00:00,4.15,15.45,5.115,openaq_ground
2025-10-25 20:00:00,4.2,11.55,4.1899999999999995,openaq_ground
2025-10-25 21:00:00,2.95,10.685,3.81,openaq_ground
2025-10-25 22:00:00,2.79,11.3,3.7649999999999997,openaq_ground
2025-10-25 23:00:00,3.42,9.54,3.52,openaq_ground
2025-10-26 00:00:00,3.26,8.35,2.925,openaq_ground
2025-10-26 01:00:00,3.29,8.7,2.915,openaq_ground
2025-10-26 02:00:00,2.76,8.02,2.95,openaq_ground
2025-10-26 03:00:00,2.05,8.7,3.085,openaq_ground
2025-10-26 04:00:00,2.88,10.6,3.79,openaq_ground
2025-10-26 05:00:00,3.39,11.149999999999999,4.125,openaq_ground
2025-10-26 06:00:00,3.78,13.2,4.82,openaq_ground
2025-10-26 07:00:00,2.28,15.05,5.195,openaq_ground
2025-10-26 08:00:00,2.35,15.5,5.5649999999999995,openaq_ground
2025-10-26 09:00:00,3.15,15.65,5.075,openaq_ground
2025-10-26 10:00:00,2.14,14.55,4.98,openaq_ground
2025-10-26 11:00:00,1.88,13.0,4.755,openaq_ground
2025-10-26 12:00:00,1.22,12.85,4.66,openaq_ground
2025-10-26 13:00:00,1.47,14.35,4.970000000000001,openaq_ground
2025-10-26 14:00:00,2.45,12.8,4.824999999999999,openaq_ground
2025-10-26 15:00:00,3.07,12.2,4.66,openaq_ground
2025-10-26 16:00:00,4.41,10.559999999999999,4.245,openaq_ground
2025-10-26 17:00:00,3.98,7.765000000000001,3.25,openaq_ground
2025-10-26 18:00:00,3.88,8.655,3.41,openaq_ground
2025-10-26 19:00:00,3.38,9.205,3.8850000000000002,openaq_ground
2025-10-26 20:00:00,2.25,17.25,5.535,openaq_ground
2025-10-26 21:00:00,1.92,10.7,3.7,openaq_ground
2025-10-26 22:00:00,2.49,8.45,2.7199999999999998,openaq_ground
2025-10-26 23:00:00,3.25,7.76,3.13,openaq_ground
2025-10-27 00:00:00,6.0,7.735,3.225,openaq_ground
2025-10-27 01:00:00,5.85,9.68,3.9050000000000002,openaq_ground
2025-10-27 02:00:00,5.16,10.600000000000001,4.234999999999999,openaq_ground
2025-10-27 03:00:00,2.81,11.5,4.695,openaq_ground
2025-10-27 04:00:00,2.76,8.605,3.87,openaq_ground
2025-10-27 05:00:00,2.9,5.255,2.58,openaq_ground
2025-10-27 06:00:00,2.91,6.140000000000001,3.165,openaq_ground
2025-10-27 07:00:00,2.56,10.45,4.59,openaq_ground
2025-10-27 08:00:00,2.58,12.05,5.18,openaq_ground
2025-10-27 09:00:00,2.1,12.0,5.125,openaq_ground
2025-10-27 10:00:00,1.02,12.25,5.225,openaq_ground
2025-10-27 11:00:00,0.681,12.3,5.175,openaq_ground
2025-10-27 12:00:00,0.398,12.65,5.455,openaq_ground
2025-10-27 13:00:00,0.972,8.085,3.62,openaq_ground
2025-10-27 14:00:00,1.8,4.35,2.0949999999999998,openaq_ground
2025-10-27 15:00:00,2.76,7.41,3.08,openaq_ground
2025-10-27 16:00:00,7.48,19.700000000000003,7.925,openaq_ground
2025-10-27 17:00:00,10.8,28.7,11.7,openaq_ground
2025-10-27 18:00:00,7.02,32.5,12.5,openaq_ground
2025-10-27 19:00:00,5.58,26.3,10.145,openaq_ground
2025-10-27 20:00:00,7.53,15.7,5.975,openaq_ground
2025-10-27 21:00:00,6.27,14.4,4.9399999999999995,openaq_ground
2025-10-27 22:00:00,6.18,8.75,3.51,openaq_ground
2025-10-27 23:00:00,5.93,6.045,2.325,openaq_ground
2025-10-28 00:00:00,8.86,6.97,2.575,openaq_ground
2025-10-28 01:00:00,9.18,7.275,2.835,openaq_ground
2025-10-28 02:00:00,12.2,7.28,2.91,openaq_ground
2025-10-28 03:00:00,7.41,12.8,4.425,openaq_ground
2025-10-28 04:00:00,7.62,13.6,5.0649999999999995,openaq_ground
2025-10-28 05:00:00,6.34,17.65,5.96,openaq_ground
2025-10-28 06:00:00,7.29,14.850000000000001,5.289999999999999,openaq_ground
2025-10-28 07:00:00,11.0,16.4,5.755,openaq_ground
2025-10-28 08:00:00,3.8,13.5,4.734999999999999,openaq_ground
2025-10-28 09:00:00,5.62,12.05,4.615,openaq_ground
2025-10-28 10:00:00,3.76,10.485,4.355,openaq_ground
2025-10-28 11:00:00,2.52,11.85,4.76,openaq_ground
2025-10-28 12:00:00,5.66,12.85,5.23,openaq_ground
2025-10-28 13:00:00,1.29,10.850000000000001,4.529999999999999,openaq_ground
2025-10-28 14:00:00,6.47,11.649999999999999,4.865,openaq_ground
2025-10-28 15:00:00,7.95,13.05,5.23,openaq_ground
2025-10-28 16:00:00,20.1,13.5,5.1899999999999995,openaq_ground
2025-10-28 17:00:00,31.9,14.55,5.495,openaq_ground
2025-10-28 18:00:00,16.9,15.7,5.675,openaq_ground
2025-10-28 19:00:00,9.47,17.8,5.93,openaq_ground
2025-10-28 20:00:00,8.15,16.8,5.78,openaq_ground
2025-10-28 21:00:00,8.47,15.85,5.68,openaq_ground
2025-10-28 22:00:00,8.76,14.95,5.215,openaq_ground
2025-10-28 23:00:00,7.73,17.35,5.94,openaq_ground
2025-10-29 00:00:00,8.2,29.6,8.575,openaq_ground
2025-10-29 01:00:00,6.63,31.5,9.07,openaq_ground
2025-10-29 02:00:00,11.8,29.35,8.245000000000001,openaq_ground
2025-10-29 03:00:00,11.4,26.1,7.845,openaq_ground
2025-10-29 04:00:00,10.7,24.049999999999997,7.045,openaq_ground
2025-10-29 05:00:00,13.1,19.450000000000003,6.27,openaq_ground
2025-10-29 06:00:00,15.5,19.25,6.24,openaq_ground
2025-10-29 07:00:00,13.9,17.55,5.92,openaq_ground
2025-10-29 08:00:00,11.5,17.75,6.335,openaq_ground
2025-10-29 09:00:00,10.9,15.9,5.8,openaq_ground
2025-10-29 10:00:00,14.9,17.4,7.6899999999999995,openaq_ground
2025-10-29 11:00:00,15.4,20.15,8.37,openaq_ground
2025-10-29 12:00:00,19.4,20.75,9.43,openaq_ground
2025-10-29 13:00:00,9.53,19.05,8.02,openaq_ground
2025-10-29 14:00:00,8.27,17.25,7.07,openaq_ground
2025-10-29 15:00:00,17.2,15.25,6.505,openaq_ground
2025-10-29 16:00:00,23.4,15.0,5.720000000000001,openaq_ground
2025-10-29 17:00:00,20.8,14.7,5.595000000000001,openaq_ground
2025-10-29 18:00:00,25.6,20.049999999999997,6.26,openaq_ground
2025-10-29 19:00:00,16.5,17.5,5.39,openaq_ground
2025-10-29 20:00:00,13.5,13.8,4.59,openaq_ground
2025-10-29 21:00:00,11.9,11.75,4.0649999999999995,openaq_ground
2025-10-29 22:00:00,7.84,11.3,4.0,openaq_ground
2025-10-29 23:00:00,8.79,11.899999999999999,3.94,openaq_ground
2025-10-30 00:00:00,8.73,10.559999999999999,3.56,openaq_ground
2025-10-30 01:00:00,12.7,10.05,3.24,openaq_ground
2025-10-30 02:00:00,13.9,8.485,3.0300000000000002,openaq_ground
2025-10-30 03:00:00,13.8,8.435,2.925,openaq_ground
2025-10-30 04:00:00,13.4,7.265000000000001,2.44,openaq_ground
2025-10-30 05:00:00,14.0,10.77,3.69,openaq_ground
2025-10-30 06:00:00,15.7,11.07,3.92,openaq_ground
2025-10-30 07:00:00,14.2,12.2,4.29,openaq_ground
2025-10-30 08:00:00,15.3,14.145,4.26,openaq_ground
2025-10-30 09:00:00,17.4,10.34,4.02,openaq_ground
2025-10-30 10:00:00,8.62,8.915,3.525,openaq_ground
2025-10-30 11:00:00,10.3,11.3,3.8550000000000004,openaq_ground
2025-10-30 12:00:00,13.5,8.855,3.645,openaq_ground
2025-10-30 13:00:00,14.8,8.690000000000001,3.585,openaq_ground
2025-10-30 14:00:00,17.0,10.760000000000002,3.605,openaq_ground
2025-10-30 15:00:00,20.9,11.4,3.6550000000000002,openaq_ground
2025-10-30 16:00:00,33.0,13.4,3.76,openaq_ground
2025-10-30 17:00:00,33.4,10.15,3.465,openaq_ground
2025-10-30 18:00:00,18.2,9.280000000000001,3.165,openaq_ground
2025-10-30 19:00:00,12.4,10.395,3.17,openaq_ground
2025-10-30 20:00:00,14.3,9.73,3.07,openaq_ground
2025-10-30 21:00:00,7.92,10.395,3.025,openaq_ground
2025-10-30 22:00:00,10.2,10.95,2.8150000000000004,openaq_ground
2025-10-30 23:00:00,7.64,11.65,3.0599999999999996,openaq_ground
2025-10-31 00:00:00,6.82,13.9,3.45,openaq_ground
2025-10-31 01:00:00,6.5,16.9,3.77,openaq_ground
2025-10-31 02:00:00,6.88,16.7,3.95,openaq_ground
2025-10-31 03:00:00,7.59,18.799999999999997,4.824999999999999,openaq_ground
2025-10-31 04:00:00,4.53,19.6,5.015000000000001,openaq_ground
2025-10-31 05:00:00,4.38,17.25,4.949999999999999,openaq_ground
2025-10-31 06:00:00,7.52,15.85,4.925,openaq_ground
2025-10-31 07:00:00,7.9,14.95,4.865,openaq_ground
2025-10-31 08:00:00,11.2,13.75,4.715,openaq_ground
2025-10-31 09:00:00,8.55,12.2,4.59,openaq_ground
2025-10-31 10:00:00,11.3,11.0,4.279999999999999,openaq_ground
2025-10-31 11:00:00,8.9,11.100000000000001,3.98,openaq_ground
2025-10-31 12:00:00,6.96,12.265,5.85,openaq_ground
2025-10-31 13:00:00,8.01,13.34,6.795,openaq_ground
2025-10-31 14:00:00,15.3,14.24,7.5600000000000005,openaq_ground
2025-10-31 15:00:00,13.1,13.575,5.88,openaq_ground
2025-10-31 16:00:00,18.3,14.5,5.1899999999999995,openaq_ground
2025-10-31 17:00:00,12.2,14.35,5.29,openaq_ground
2025-10-31 18:00:00,8.72,12.85,4.245,openaq_ground
2025-10-31 19:00:00,11.3,10.04,3.865,openaq_ground
2025-10-31 20:00:00,11.2,8.25,3.2800000000000002,openaq_ground
2025-10-31 21:00:00,4.96,10.89,3.58,openaq_ground
2025-10-31 22:00:00,2.5,15.6,4.96,openaq_ground
2025-10-31 23:00:00,1.56,14.65,5.390000000000001,openaq_ground
2025-11-01 00:00:00,1.29,14.05,4.3149999999999995,openaq_ground
2025-11-01 01:00:00,1.78,14.6,4.035,openaq_ground
2025-11-01 02:00:00,1.05,14.85,4.720000000000001,openaq_ground
2025-11-01 03:00:00,0.84,16.5,5.165,openaq_ground
2025-11-01 04:00:00,1.66,18.75,5.785,openaq_ground
2025-11-01 05:00:00,2.38,18.35,5.89,openaq_ground
2025-11-01 06:00:00,2.34,17.700000000000003,6.08,openaq_ground
2025-11-01 07:00:00,2.69,16.95,6.035,openaq_ground
2025-11-01 08:00:00,2.06,17.15,6.015,openaq_ground
2025-11-01 09:00:00,2.42,17.6,6.07,openaq_ground
2025-11-01 10:00:00,2.45,18.0,6.21,openaq_ground
2025-11-01 11:00:00,4.34,16.75,6.045,openaq_ground
2025-11-01 12:00:00,6.45,14.75,5.8100000000000005,openaq_ground
2025-11-01 13:00:00,7.7,13.45,5.63,openaq_ground
2025-11-01 14:00:00,6.46,13.15,5.6899999999999995,openaq_ground
2025-11-01 15:00:00,5.02,13.5,5.43,openaq_ground
2025-11-01 16:00:00,8.83,12.55,5.225,openaq_ground
2025-11-01 17:00:00,6.14,14.75,5.995,openaq_ground
2025-11-01 18:00:00,3.14,18.85,6.535,openaq_ground
2025-11-01 19:00:00,1.75,17.05,5.66,openaq_ground
2025-11-01 20:00:00,2.19,14.15,5.025,openaq_ground
2025-11-01 21:00:00,2.86,13.75,4.734999999999999,openaq_ground
2025-11-01 22:00:00,5.95,13.15,4.695,openaq_ground
2025-11-01 23:00:00,7.01,13.65,4.695,openaq_ground
2025-11-02 00:00:00,5.38,13.149999999999999,4.699999999999999,openaq_ground
2025-11-02 01:00:00,6.89,14.0,4.515000000000001,openaq_ground
2025-11-02 02:00:00,9.14,13.55,4.824999999999999,openaq_ground
2025-11-02 03:00:00,7.19,14.1,4.84,openaq_ground
2025-11-02 04:00:00,4.31,16.2,5.295,openaq_ground
2025-11-02 05:00:00,6.9,18.65,6.055,openaq_ground
2025-11-02 06:00:00,7.89,20.25,8.57,openaq_ground
2025-11-02 07:00:00,10.3,15.649999999999999,5.48,openaq_ground
2025-11-02 08:00:00,12.5,17.85,8.11,openaq_ground
2025-11-02 09:00:00,19.6,14.45,6.09,openaq_ground
2025-11-02 10:00:00,16.4,17.2,6.93,openaq_ground
2025-11-02 11:00:00,21.5,19.049999999999997,7.4,openaq_ground
2025-11-02 12:00:00,12.1,14.65,6.48,openaq_ground
2025-11-02 13:00:00,10.9,18.4,10.085,openaq_ground
2025-11-02 14:00:00,12.3,16.5,8.605,openaq_ground
2025-11-02 15:00:00,14.0,15.450000000000001,7.529999999999999,openaq_ground
2025-11-02 16:00:00,16.3,14.9,7.38,openaq_ground
2025-11-02 17:00:00,23.3,14.35,7.12,openaq_ground
2025-11-02 18:00:00,20.0,18.3,7.950000000000001,openaq_ground
2025-11-02 19:00:00,14.6,14.3,5.25,openaq_ground
2025-11-02 20:00:00,9.89,12.7,4.5600000000000005,openaq_ground
2025-11-02 21:00:00,12.4,13.85,4.175,openaq_ground
2025-11-02 22:00:00,14.0,13.95,4.38,openaq_ground
2025-11-02 23:00:00,23.9,15.15,5.275,openaq_ground
2025-11-03 00:00:00,23.8,15.25,4.96,openaq_ground
2025-11-03 01:00:00,21.7,15.3,4.890000000000001,openaq_ground
2025-11-03 02:00:00,18.9,15.25,4.725,openaq_ground
2025-11-03 03:00:00,26.2,15.65,4.8,openaq_ground
2025-11-03 04:00:00,5.23,16.5,4.895,openaq_ground
2025-11-03 05:00:00,4.77,15.5,5.07,openaq_ground
2025-11-03 06:00:00,8.02,14.75,4.76,openaq_ground
2025-11-03 07:00:00,6.55,16.5,5.445,openaq_ground
2025-11-03 08:00:00,6.06,10.75,4.805,openaq_ground
2025-11-03 09:00:00,6.82,11.43,4.62,openaq_ground
2025-11-03 10:00:00,9.47,14.8,5.205,openaq_ground
2025-11-03 11:00:00,12.1,13.1,5.425,openaq_ground
2025-11-03 12:00:00,16.3,13.55,6.484999999999999,openaq_ground
2025-11-03 13:00:00,17.8,15.75,8.185,openaq_ground
2025-11-03 14:00:00,15.1,15.1,7.775,openaq_ground
2025-11-03 15:00:00,19.2,12.7,6.9,openaq_ground
2025-11-03 16:00:00,29.2,13.45,7.265,openaq_ground
2025-11-03 17:00:00,39.6,26.849999999999998,10.29,openaq_ground
2025-11-03 18:00:00,27.4,19.45,7.615,openaq_ground
2025-11-03 19:00:00,13.0,12.65,4.92,openaq_ground
2025-11-03 20:00:00,11.8,14.05,4.9350000000000005,openaq_ground
2025-11-03 21:00:00,9.97,13.649999999999999,4.975,openaq_ground
2025-11-03 22:00:00,6.9,11.95,4.140000000000001,openaq_ground
2025-11-03 23:00:00,8.37,12.7,4.37,openaq_ground
2025-11-04 00:00:00,8.71,13.4,4.34,openaq_ground
2025-11-04 01:00:00,10.5,12.7,4.085,openaq_ground
2025-11-04 02:00:00,12.0,13.6,4.055,openaq_ground
2025-11-04 03:00:00,11.0,13.2,3.7800000000000002,openaq_ground
2025-11-04 04:00:00,8.47,11.6,3.635,openaq_ground
2025-11-04 05:00:00,8.96,10.5,3.925,openaq_ground
2025-11-04 06:00:00,12.2,10.3,4.445,openaq_ground
2025-11-04 07:00:00,9.21,11.0,4.64,openaq_ground
2025-11-04 08:00:00,8.24,10.850000000000001,4.24,openaq_ground
2025-11-04 09:00:00,12.6,9.61,3.925,openaq_ground
2025-11-04 10:00:00,17.2,9.745,4.335,openaq_ground
2025-11-04 11:00:00,16.7,11.45,5.15,openaq_ground
2025-11-04 12:00:00,19.8,12.004999999999999,5.775,openaq_ground
2025-11-04 13:00:00,9.0,11.350000000000001,5.83,openaq_ground
2025-11-04 14:00:00,15.2,12.5,6.045,openaq_ground
2025-11-04 15:00:00,14.8,11.850000000000001,6.635,openaq_ground
2025-11-04 16:00:00,27.5,,,openaq_ground
2025-11-04 17:00:00,23.5,,,openaq_ground
2025-11-04 18:00:00,15.8,,,openaq_ground
2025-11-04 19:00:00,13.5,,,openaq_ground
2025-11-04 20:00:00,13.2,,,openaq_ground
2025-11-04 21:00:00,9.21,,,openaq_ground
2025-11-04 22:00:00,13.3,,,openaq_ground
2025-11-04 23:00:00,13.1,,,openaq_ground
2025-11-05 00:00:00,10.5,,,openaq_ground
2025-11-05 01:00:00,13.6,,,openaq_ground
2025-11-05 02:00:00,17.2,,,openaq_ground
2025-11-05 03:00:00,13.0,,,openaq_ground
